"Reference","Value","Footprint","Datasheet","Qty"
"Ant1","M830520","my_footprints:M830520","https://www.mouser.pl/datasheet/2/40/AVX_E_M830520-3312937.pdf","1"
"C1-C3, C16","0.1uF","Capacitor_SMD:C_0603_1608Metric","https://www.mouser.pl/datasheet/2/40/KGM_X7R-3223212.pdf","4"
"C4, C15","4.7u","Capacitor_SMD:C_0603_1608Metric","https://www.mouser.pl/datasheet/2/396/mlcc02_e-1307760.pdf","2"
"C5","4.7u","Capacitor_SMD:C_0402_1005Metric","https://www.mouser.pl/datasheet/2/396/mlcc02_e-1307760.pdf","1"
"C6, C9, C11, C13","100n","Capacitor_SMD:C_0402_1005Metric","-- mixed values --","4"
"C7, C8, C10, C14, C19, C20","100n","Capacitor_SMD:C_0603_1608Metric","https://www.mouser.pl/datasheet/2/447/KEM_C1013_X7R_FT_CAP_SMD-3316633.pdf","6"
"C12","100pF","Capacitor_SMD:C_0402_1005Metric","https://www.vishay.com/docs/28548/vjw1bcbascomseries.pdf","1"
"C17, C18","10p","Capacitor_SMD:C_0603_1608Metric","https://www.mouser.pl/datasheet/2/447/KEM_C1023_X7R_AUTO_SMD-3316698.pdf","2"
"C21","0.3pF","Capacitor_SMD:C_0402_1005Metric","https://www.mouser.pl/datasheet/2/281/1/GRM1555C1HR30WA01_01A-1983220.pdf","1"
"C22","0.8pF","Capacitor_SMD:C_0402_1005Metric","https://eu.mouser.com/datasheet/2/281/1/GRM1555C1HR80BA01_01A-1983127.pdf","1"
"C23","10n","Capacitor_SMD:C_0603_1608Metric","https://www.tme.eu/Document/7ff6d7934b02d14153410346718f519e/C0603C100F5GACTU.pdf","1"
"C24","10u","Capacitor_SMD:C_0603_1608Metric","https://www.mouser.pl/datasheet/2/281/1/GRT188R61A106KE13_01A-3158386.pdf","1"
"D1","D_Schottky","Diode_SMD:D_SOD-323","https://www.mouser.pl/datasheet/2/308/1/MMDL101T1_D-2315952.pdf","1"
"Filter1","DLF162500LT-5028A1","my_footprints:DLF162500LT-5028A1","https://product.tdk.com/system/files/dam/doc/product/rf/rf/filter/catalog/rf_lpf_dlf162500lt-5028a1_en.pdf","1"
"H1-H4","MountingHole","MountingHole:MountingHole_2.1mm","~","4"
"J1","Conn_01x07","Connector_Molex:Molex_PicoBlade_53261-0771_1x07-1MP_P1.25mm_Horizontal","~","1"
"J2","Conn_ARM_SWD_TagConnect_TC2030","Connector:Tag-Connect_TC2030-IDC-FP_2x03_P1.27mm_Vertical","https://www.tag-connect.com/wp-content/uploads/bsk-pdf-manager/TC2030-CTX_1.pdf","1"
"J3","Conn_01x04","Connector_Molex:Molex_PicoBlade_53261-0471_1x04-1MP_P1.25mm_Horizontal","~","1"
"J4","Conn_01x02","Connector_Molex:Molex_PicoBlade_53048-0210_1x02_P1.25mm_Horizontal","https://www.molex.com/en-us/products/part-detail/530480260?display=pdf","1"
"L1","10u","Inductor_SMD:L_0603_1608Metric","https://product.tdk.com/system/files/dam/doc/product/inductor/inductor/smd/catalog/inductor_automotive_decoupling_klz1608-hr_en.pdf","1"
"L2","10n","Inductor_SMD:L_0603_1608Metric","https://www.mouser.pl/datasheet/2/3/AIMC_0603-3317784.pdf","1"
"L3","2.7nH","Inductor_SMD:L_0402_1005Metric","https://www.mouser.pl/datasheet/2/281/JELF243B_9101-1699619.pdf","1"
"L4","2.2u","Inductor_SMD:L_0603_1608Metric","https://www.we-online.com/components/products/datasheet/74479652.pdf","1"
"R1, R2","4k7","Resistor_SMD:R_0603_1608Metric","https://www.tme.eu/Document/2c908ffd2d4ab2e03e319818fc8f0e85/dcrcwe3.pdf","2"
"R3","1Meg","Resistor_SMD:R_0603_1608Metric","https://www.tme.eu/Document/fd8030aace7fa4ecbd326eab752e0f92/CQ%20datasheet.pdf","1"
"R4, R5","10k","Resistor_SMD:R_0603_1608Metric","https://www.tme.eu/Document/4f50d320a6ddacb273098f84373b6259/rezystor-smd.pdf","2"
"R6","2.8Meg","Resistor_SMD:R_0603_1608Metric","https://www.tme.eu/Document/4f50d320a6ddacb273098f84373b6259/rezystor-smd.pdf","1"
"R7","3.16k","Resistor_SMD:R_0603_1608Metric","https://www.tme.eu/Document/b2a838e0eb9288cb6261d5fb2bb4cd69/ERJ3E.pdf","1"
"SW1-SW3","SW_Push","Button_Switch_THT:SW_PUSH_6mm","https://configured-product-images.s3.amazonaws.com/Datasheets/TL1105.pdf","3"
"SW4","SW_Push","Button_Switch_SMD:SW_SPST_FSMSM","https://configured-product-images.s3.amazonaws.com/Datasheets/TL1105.pdf","1"
"U1","STM32WB35CCUxA","Package_DFN_QFN:QFN-48-1EP_7x7mm_P0.5mm_EP5.6x5.6mm","https://www.st.com/resource/en/datasheet/stm32wb35cc.pdf","1"
"U2","BME280","Package_LGA:Bosch_LGA-8_2.5x2.5mm_P0.65mm_ClockwisePinNumbering","https://www.bosch-sensortec.com/media/boschsensortec/downloads/datasheets/bst-bme280-ds002.pdf","1"
"U3","AOZ1280CI","Package_TO_SOT_SMD:SOT-23-6","http://aosmd.com/res/data_sheets/AOZ1280CI.pdf","1"
"Y1","32MHz","Crystal:Crystal_SMD_2016-4Pin_2.0x1.6mm","https://www.mouser.pl/datasheet/2/905/ndk_08142018_NX2016SA-32M-EXS00A-CS06465_SS-1389053.pdf","1"
"Y2","32768Hz","Crystal:Crystal_SMD_2012-2Pin_2.0x1.2mm","https://www.mouser.com.tr/datasheet/2/905/c_NX2012SA_STD_MUB_1_e-1317508.pdf","1"
